FirstName,LastName,DOB,Email,Phone,Address,MembershipStartDate,MembershipStatus
Rebecca,Leonard,1973-03-24,mlowe@gmail.com,3505706388,"00090 Parker Glens, Hernandezside, MT 02623",2022-10-25,Inactive
Michael,Lloyd,1956-02-22,eherrera@morrison-moore.org,001-771-954-9608x77369,"83673 Tommy Ranch, Lake Kevin, VA 67520",2023-03-27,Inactive
Veronica,Morgan,2000-04-27,denisehinton@moore-munoz.com,+1-23yy5190,"2093 Mack Pines Apt. 147, Susanton, MA 75775",2021-06-14,Pending
Antonio,Ward,1989-10-18,qrichards@gmail.com,8354366462,"611 Michael Prairie Suite 344, Craigbury, RI 83301",2024-05-24,Pending
Christina,Roberts,1975-07-20,cristinabowman@gmail.com,(076)559-3094,"843 Amy Burgs, Maryborough, ID 18511",2022-06-10,Pending
Alicia,Zamora,2002-05-08,phenry@nguyen-washington.biz,(448)7520,"3256 Alvarado Route, Deannachester, AK 00735",2022-09-05,Active
Jillian,Rodriguez,1968-11-26,potteralbert@blackwell.info,225-454-2272x436,"0403 Lane Trail, Fisherland, DC 72019",2023-05-14,Pending
Christopher,Romero,1986-08-12,rhonda53@diaz.com,001-77yy383,"70197 Lee Lodge Suite 690, East Stanley, NJ 77329",2022-10-18,Inactive
Samantha,Humphrey,1985-02-19,orichards@grant-murphy.net,491-87yy0409,"2030 Walker Valleys, Yangshire, ID 09195",2024-08-24,Inactive
Sarah,Bates,1973-02-01,barnettkimberly@murphy.org,(553)523-2817x24112,"3728 Alice Meadows, Jamestown, MS 68865",2024-10-28,Inactive
Melissa,Pearson,1999-07-02,hsmith@hotmail.com,(341)754-7344x677,"9697 Moss Inlet, Dayside, NM 29125",2021-09-12,Inactive
Theresa,Dunn,1999-09-09,spope@yahoo.com,816.410.1240,"50971 Walker Inlet Suite 105, Port Barbara, VT 45880",2024-03-20,Inactive
Caroline,Barker,1958-03-09,mcneilchristopher@english.com,8828703605,"USNS Molina, FPO AP 23389",2023-08-16,Inactive
William,Cobb,1988-08-07,gibsonjulie_sheppard.com,(116)581-5102x796,"99778 Schmidt Manors, Bowershaven, NC 40548",2022-05-28,Inactive
Donna,Walker,1998-06-13,megan82pruitt.biz,45056abc200,"655 Roberts Walk Suite 360, South Heidi, IL 94177",2023-09-21,Inactive
Benjamin,Anderson,1977-02-02,zwilliams@nunez-camacho.com,(434)848-2617x6706,"76633 Woods Views, Bradleyville, NH 58044",2021-02-03,Inactive
Patricia,Villanueva,1961-12-29,cameronhayden@gmail.com,+1-328-906-1356x808,"8499 Schaefer Branch Suite 430, Ianport, NC 57272",2024-04-06,Inactive
Dale,Stokes,2003-08-23,timothy69hotmail.com,(524)296-1073x348,"06949 Bishop Stream, Lukeland, TN 36787",2024-03-22,Inactive
Jo,Jones,1955-04-21,christinetorres@yahoo.com,(691)145-5687x175,"0944 Rose Lane Apt. 403, Leemouth, AK 01912",2023-12-04,Inactive
Rebecca,Edwards,1970-10-29,rivassean@yahoo.com,3059697626,"PSC 4249, Box 6440, APO AA 19649",2021-09-12,Inactive
Ryan,Cruz,1962-09-26,julie52@hotmail.com,383.061.6240x440,"04830 Kimberly Ville, Webbstad, WI 15526",2020-10-23,Inactive
Brian,Davila,1959-04-07,phelpsphillip@yahoo.com,+1-067-121-2459,"978 Turner Island, Carlosland, MN 34864",2021-06-09,Pending
Michaela,Macias,1989-05-18,qcollins@gonzalez.biz,(568)yy2679,"129 Meyer Squares, Port Tammychester, IL 46121",2020-09-10,Pending
Ariel,Barnett,1962-10-08,austinhughes@hotmail.com,379-784-7620x70617,"60242 Hughes Locks Apt. 728, South Valerie, IN 90144",2022-06-12,Pending
Susan,Coleman,1999-06-18,clarkpatricia@kramer.biz,001-201-252-4831x2830,"3749 Harrell Cove, Tamarafort, IA 14617",2020-04-05,Inactive
Julie,Caldwell,1992-12-28,martinezheidi@gmail.com,630-665-2085x81860,"2695 Kevin Turnpike Apt. 094, Mariastad, FL 34638",2020-10-30,Pending
Abigail,Day,1977-02-16,whitney71@velazquez-humphrey.com,047.833.4749,"4153 Scott Cove Suite 821, South Larry, IA 91449",2023-12-28,Active
Tyler,Davis,1955-01-22,dana00@gmail.com,(354)xx674,"0899 Ronald Loop Suite 941, Port Patriciamouth, ID 40787",2024-09-20,Inactive
Corey,Frye,1999-02-21,lhansen_hotmail.com,+1-985-384-9650x4228,"154 Richard Cove Suite 230, West Alisontown, TX 43769",2021-12-31,Inactive
Phyllis,Nichols,1964-03-22,wilsonalexander@gmail.com,(874)018-1844x61724,"804 Michelle Lane, Morganmouth, RI 77448",2022-06-05,Inactive
Antonio,Jones,1985-01-27,kprattyahoo.com,001-2yy6214,"373 Williams Plain, Williamfurt, OH 36759",2020-01-19,Pending
Kaitlin,Bennett,1987-04-15,shelley47@valdez-schultz.info,082.525.7243x8214,"2660 Cox Passage Apt. 582, South Christopher, MD 31559",2022-04-04,Inactive
Sandra,Clay,1965-02-19,samuel46@hotmail.com,498-307-6147x7039,"7946 Joseph Pike Apt. 228, Shelbytown, MS 38281",2022-10-12,Inactive
Kimberly,Parker,1966-04-20,ricedavid@lee.com,(588)980-4882x3723,"6741 Gregory Road, Lake Wesley, VT 85418",2021-03-30,Active
Jennifer,Pierce,1958-05-13,jessica93_perry-roth.com,729.571.6203,"0333 Crystal Plaza Apt. 602, North Seanton, AL 55519",2022-02-17,Active
Gina,Jensen,1955-03-11,plamb@spence-alexander.com,001-801-765-8348,"44523 Kelly Terrace, North Alexander, MA 36741",2023-08-17,Inactive
Dwayne,Jacobs,1966-02-06,charlessimmons@yahoo.com,617.341.1992,"6132 Nathan View Suite 311, North Mark, OH 89926",2023-10-01,Pending
Jay,Patton,1971-10-15,uduncan@tyler.net,+1-374-515-2016x7065,"95716 Shelly Junction, East Alexanderfurt, IA 07475",2024-06-20,Active
Yolanda,Hurley,1983-09-06,eric88hotmail.com,824.820.2593x03841,"Unit 6030 Box 0414, DPO AE 41168",2021-12-16,Inactive
Mandy,Williams,1999-10-09,griffinsteven@williams-garcia.com,943.536.9454,"807 Linda Branch, West Michelechester, WA 79370",2023-09-30,Active
Jennifer,Phillips,1956-12-03,eaguirre@johnson.com,(185)400-2370,"USCGC Fisher, FPO AE 73635",2023-06-29,Pending
Stephen,Moore,1977-03-16,robertsmichael@gmail.com,+1-143-642-2337x94637,"77148 Torres Heights, Morsemouth, NM 73823",2024-01-26,Pending
Ronald,Vega,1963-02-02,travis69@yahoo.com,(631)167,"46041 Walton Trail Suite 193, South Robert, ND 86054",2021-04-22,Inactive
Emily,Miller,1958-02-21,christensenjason@roberts-jones.com,+1-716-004-2194x03153,"864 King Islands, Hillchester, FL 44049",2024-02-17,Active
Kayla,Madden,1980-09-04,kathryn93@hotmail.com,8901067302,"0023 John Fords Suite 818, Smithton, NJ 51377",2023-08-25,Inactive
Sharon,Harris,1982-10-19,joshuawilliams@valdez.biz,593.396.4204x10406,"66297 Bryant Locks Suite 535, Weeksfurt, GA 12040",2023-02-26,Active
Jeffrey,Bray,1993-05-06,richardsmason@gmail.com,001-80abc699,"6823 Guzman Forks Apt. 195, Sarahmouth, NV 21973",2023-12-19,Active
Steven,Reyes,1986-08-19,efoley@yahoo.com,001-2yy042,"0314 Anthony Walks, Livingstonside, NC 78061",2023-04-18,Inactive
Joseph,Barnett,2003-05-06,vbarnes@gmail.com,999.538.9634x9451,"340 Lowe Street, Carlosland, IA 82087",2024-02-03,Pending
Jeffrey,Mccarthy,1985-09-09,wdavis@king.com,103-662-7293x603,"515 Cochran Square, Davidland, CT 15464",2024-01-14,Pending
Jeffrey,Lowery,1975-09-09,jason78@hotmail.com,+1-359-451-4412x226,"530 Cassie Track Apt. 143, Brownton, IL 50383",2023-07-11,Inactive
Donald,Montgomery,1992-01-31,omurphy@gmail.com,001-471-886-3389,"16423 Mason Valley, North Catherine, MN 72174",2024-02-09,Inactive
Jasmine,Snow,1985-03-15,justinwilliams@hotmail.com,+1-204-970-4756,"043 Kristine Circle Apt. 524, Lake Matthew, DC 36907",2023-09-26,Inactive
Jacqueline,Palmer,1995-04-12,whitneypeterson@potts-baker.org,001-4xx65,"82981 Kathy Street, West Jennifermouth, MT 50529",2022-04-11,Inactive
Allison,Jones,1981-05-09,goldenedward@yahoo.com,001-5xx70,"782 Reeves Knoll Suite 638, Powellview, GA 46139",2021-10-17,Inactive
Christina,Campbell,1983-10-29,fbennett@yahoo.com,237.907.8541x25702,"96610 Stevenson Falls, West Jessicamouth, KS 05138",2020-03-19,Pending
Victor,Stephens,1959-03-24,lisaharris@hotmail.com,(907)052-5894,"76634 Erik Valleys Apt. 557, Estradaland, PA 47657",2020-07-20,Active
Brenda,Howard,1981-11-23,benjamin59@young-thompson.com,437.xx0247,"024 Cindy Trafficway Apt. 740, Port Troystad, PA 16076",2021-01-30,Pending
Andrea,Harmon,1959-06-19,pricegail@mclaughlin-johnston.org,(132)103-6648x5254,"10684 Megan Hollow, Port Trevorport, HI 18324",2021-02-08,Active
Brandon,Barry,1980-06-09,joel85@smith.com,(007)637-5668x08296,"07023 Schneider Square, Jonesberg, AL 21735",2022-07-15,Pending
Jay,Patton,1971-10-15,uduncan@tyler.net,+1-374-515-2016x7065,"95716 Shelly Junction, East Alexanderfurt, IA 07475",2024-06-20,Active
Jay,Patton,1971-10-15,uduncan@tyler.net,+1-374-515-2016x7065,"95716 Shelly Junction, East Alexanderfurt, IA 07475",2024-06-20,Active
Sharon,Harris,1982-10-19,joshuawilliams@valdez.biz,593.396.4204x10406,"66297 Bryant Locks Suite 535, Weeksfurt, GA 12040",2023-02-26,Active
Sharon,Harris,1982-10-19,joshuawilliams@valdez.biz,593.396.4204x10406,"66297 Bryant Locks Suite 535, Weeksfurt, GA 12040",2023-02-26,Active
Antonio,Ward,1989-10-18,qrichards@gmail.com,8354366462,"611 Michael Prairie Suite 344, Craigbury, RI 83301",2024-05-24,Pending
